Name,Team,GP,Min,M-FG,A-FG,Pct-FG,M-3PT,A-3PT,Pct-3PT,M-FT,A-FT,Pct-FT,Off-Rb,Def-Rb,Tot-Rb,Ast,TO,Stl,Blk,PF,PPG
Stephen Curry,GS,70,33.9,10.1,20,50.6,5,11.1,45,4.7,5.3,90.2,0.9,4.5,5.4,6.6,3.2,2.1,0.2,2,30
James Harden,HOU,74,37.9,8.4,19.5,43.4,2.7,7.9,34.4,9,10.4,86.6,0.8,5.6,6.4,7.5,4.6,1.7,0.6,2.9,28.6
Kevin Durant,OKC,67,35.9,9.7,19,50.8,2.5,6.5,38.9,6.1,6.8,89.3,0.6,7.7,8.3,5,3.4,0.9,1.2,1.9,28
DeMarcus Cousins,SAC,62,34.6,9.2,20.5,45.1,1.1,3.3,33.7,7.5,10.3,72.3,2.5,9.1,11.6,3.3,3.8,1.5,1.4,3.6,27
Damian Lillard,POR,68,35.9,8.4,19.8,42.3,3.1,8.2,37.9,5.5,6.1,89.2,0.6,3.6,4.2,6.9,3.3,0.9,0.4,2.3,25.4
LeBron James,CLE,70,35.6,9.6,18.8,51,1.1,3.8,29.3,4.8,6.6,72.3,1.4,6,7.4,6.6,3.2,1.4,0.6,1.9,25
Anthony Davis,NO,61,35.5,9.2,18.6,49.3,0.6,1.8,32.4,5.3,7,75.8,2.1,8.1,10.3,1.9,2,1.3,2,2.4,24.3
Russell Westbrook,OKC,74,34.5,8.3,18.2,45.8,1.2,4.2,29.9,5.8,7.2,81.3,1.8,5.9,7.7,10.4,4.2,2.1,0.3,2.5,23.7
DeMar DeRozan,TOR,72,36.2,7.9,17.7,44.5,0.6,1.8,32.8,7.3,8.6,84.6,0.8,3.6,4.4,4,2.3,1,0.3,2.2,23.6
Paul George,IND,73,35.3,7.5,18.2,41.3,2.7,7.2,37.4,5.7,6.6,85.6,1,6,7,4.1,3.3,1.9,0.4,3,23.4
Blake Griffin,LAC,30,34.9,9.4,18.4,50.8,0.2,0.6,35.3,4.3,5.9,72.5,1.6,7,8.7,5,2.4,0.7,0.6,2.8,23.2
Klay Thompson,GS,71,33.1,8.3,17.5,47.4,3.6,8.2,43.5,2.5,2.9,87,0.4,3.4,3.8,2,1.8,0.8,0.6,1.9,22.7
Isaiah Thomas,BOS,74,32.5,7.2,16.8,42.8,2,5.7,35.3,5.8,6.6,88.5,0.6,2.4,3,6.3,2.6,1.1,0.1,2.1,22.3
Carmelo Anthony,NY,67,35.6,7.9,18.2,43.4,1.5,4.3,34.6,4.7,5.7,82.4,1.4,6.5,7.9,4.2,2.5,0.9,0.5,2.5,22
Kyle Lowry,TOR,71,37.2,6.7,15.5,43.3,2.7,7.1,38.5,5.4,6.6,81.4,0.7,4.1,4.8,6.5,2.9,2.1,0.4,2.7,21.6
Jimmy Butler,CHI,58,37.1,7,15.7,44.8,1,3.1,31.7,6.1,7.4,82.3,1.1,4.1,5.2,4.4,1.9,1.7,0.6,1.9,21.2
Kemba Walker,CHA,72,35.9,7.1,16.6,43,2.2,5.8,37.9,4.6,5.4,84.6,0.7,3.7,4.4,5.2,2.1,1.6,0.4,1.4,21
Kawhi Leonard,SA,66,32.8,7.7,15.1,50.9,1.9,4,46.2,3.8,4.3,88,1.3,5.5,6.8,2.5,1.5,1.8,0.9,1.8,21
Brook Lopez,BKN,71,34,8.2,15.9,51.5,0,0.2,15.4,4.4,5.6,78.7,2.8,5.1,7.9,2,2.4,0.8,1.7,3,20.8
C.J. McCollum,POR,73,34.8,8,18,44.3,2.4,5.9,41.3,2.3,2.8,82.9,0.6,2.7,3.3,4.2,2.4,1.2,0.3,2.4,20.7
Andrew Wiggins,MIN,73,35.3,7.3,16,45.5,0.7,2.3,29,5.5,7.2,75.7,1.4,2.3,3.7,2.1,2.2,0.9,0.6,2,20.7
Eric Bledsoe,PHO,31,34.2,7.2,15.9,45.3,1.5,4.2,37.2,4.5,5.5,80.2,0.6,3.5,4,6.1,3.5,2,0.6,2.4,20.4
John Wall,WAS,73,36.1,7.5,17.6,42.8,1.5,4.2,35.1,3.6,4.6,79.3,0.6,4.3,4.9,10.2,4.1,1.9,0.7,2,20.2
Chris Paul,LAC,68,33.1,7,15.2,46.1,1.7,4.5,37.3,4,4.5,89.2,0.5,3.6,4.1,9.9,2.7,2.1,0.2,2.6,19.8
Brandon Knight,PHO,51,36,7.2,17.2,41.6,2.3,6.7,34.4,3,3.5,85.3,0.7,3.2,3.9,5.1,3.4,1.2,0.4,2.4,19.6
Gordon Hayward,UTA,72,35.9,6.4,14.9,43.1,1.8,5,35.8,5,6,83.3,0.8,4.1,4.8,3.7,2.5,1.2,0.3,2.3,19.6
Danilo Gallinari,DEN,53,34.7,5.4,13.2,41,1.6,4.5,36.4,7.1,8.2,86.8,1,4.3,5.3,2.5,1.5,0.8,0.4,1.6,19.5
Kyrie Irving,CLE,46,31,7.4,16.2,45.6,1.5,4.8,30.9,3.1,3.5,89.4,0.8,2.1,2.9,4.5,2.2,1,0.3,2,19.4
Dwyane Wade,MIA,67,30.5,7.3,16,45.3,0.1,0.6,17.9,4.5,5.7,78.7,1.1,3,4.1,4.7,2.8,1.1,0.6,1.6,19.1
Chris Bosh,MIA,53,33.5,6.8,14.5,46.7,1.5,4.2,36.5,4,5.1,79.5,0.9,6.5,7.4,2.4,1.5,0.7,0.6,1.9,19.1
Dirk Nowitzki,DAL,67,31.4,6.8,14.9,45.9,1.7,4.4,38.4,3.3,3.6,89.3,0.7,5.9,6.6,1.7,1.1,0.7,0.8,2.1,18.6
Reggie Jackson,DET,73,30.6,6.8,15.6,43.8,1.5,4.2,35.2,3.4,4,85.7,0.7,2.5,3.2,6.2,2.7,0.8,0.1,2.3,18.6
Karl-Anthony Towns,MIN,74,31.8,7.6,13.9,54.8,0.3,1,33.8,2.8,3.4,82.5,2.8,7.5,10.3,1.8,2.2,0.7,1.7,3,18.3
Khris Middleton,MIL,74,36.4,6.3,14.5,43.8,1.9,4.6,40.1,3.5,4,88.2,0.6,3.2,3.8,4.2,2.2,1.6,0.2,2.6,18.1
LaMarcus Aldridge,SA,68,30.5,7.3,14.2,51.4,0,0.2,0,3.5,4.1,85.7,2.4,6.3,8.6,1.5,1.3,0.4,1.1,2.1,18.1
Nikola Vucevic,ORL,58,31.8,8,16.1,49.7,0,0.2,22.2,1.7,2.2,77.2,2.8,6.2,9,2.8,1.9,0.8,1.1,2.7,17.8
Jahlil Okafor,PHI,53,30,7.5,14.7,50.8,0,0.1,16.7,2.5,3.7,68.6,2.3,4.7,7,1.2,2.3,0.4,1.2,2.6,17.5
Bradley Beal,WAS,48,31,6.5,14.4,45.2,1.9,4.9,39.7,2.4,3.2,75.8,0.6,2.8,3.4,2.9,2,1,0.2,2.1,17.4
Paul Millsap,ATL,74,32.5,6.2,13.1,47.4,0.9,2.8,31.6,3.9,5.1,75.5,2.4,6.4,8.7,3.3,2.3,1.8,1.6,2.9,17.2
Rudy Gay,SAC,64,33.8,6.6,14.2,46.9,1.1,3.1,35.7,2.7,3.4,78.2,1.4,4.9,6.3,1.7,1.9,1.4,0.7,2.6,17.1
Ryan Anderson,NO,66,30.4,6,14.1,42.7,2,5.4,36.6,3,3.5,87.3,2,4,6,1.1,1.4,0.6,0.4,1.7,17
Kobe Bryant,LAL,58,28.6,5.8,16.3,35.7,1.9,6.8,28.3,3.3,4.1,81,0.7,3.2,3.9,3,2,0.9,0.2,1.8,16.9
Derrick Rose,CHI,61,32,7,16.2,43.1,0.7,2.3,30.8,2.2,2.8,79.2,0.7,2.8,3.5,4.8,2.7,0.7,0.2,1.3,16.9
Jrue Holiday,NO,65,28.2,6.3,14.4,43.9,1.3,4,33.6,2.8,3.3,84.3,0.4,2.6,3,6,2.6,1.4,0.3,2.3,16.8
Derrick Favors,UTA,57,32.4,6.8,13.4,51.1,0,0.1,0,3.1,4.2,71.9,2.8,5.5,8.4,1.6,1.7,1.2,1.5,2.5,16.7
Pau Gasol,CHI,65,31.8,6.5,14,46.9,0.3,0.9,36.8,3.3,4.1,80.4,2.2,8.8,11,4.1,2.2,0.6,1.9,2,16.7
Andre Drummond,DET,74,33.1,7,13.3,52.9,0,0.1,33.3,2.6,7.3,36.1,4.9,10,14.9,0.8,1.9,1.5,1.4,3.1,16.7
Giannis Antetokounmpo,MIL,72,35.2,6.3,12.6,50.4,0.2,1.2,19.5,3.7,5,72.7,1.4,6.2,7.6,4,2.5,1.2,1.4,3.3,16.6
Marc Gasol,MEM,52,34.4,6.3,13.6,46.4,0,0.1,66.7,3.9,4.7,82.9,1.1,5.8,7,3.8,2.3,1,1.3,2.7,16.6
J.J. Redick,LAC,69,28.3,5.6,11.8,47.5,2.7,5.6,47.5,2.6,2.9,88.6,0.1,1.7,1.8,1.4,1.1,0.6,0.1,1.9,16.5
Victor Oladipo,ORL,66,32.9,5.9,13.5,43.7,1.4,4,34.5,2.9,3.5,83.1,0.7,4.2,4.8,3.9,2.2,1.5,0.7,2.3,16
Kevin Love,CLE,69,31.8,5.3,12.7,41.6,1.9,5.6,34.5,3.4,4.1,82,2,7.9,9.9,2.4,1.8,0.8,0.6,2,15.8
Greg Monroe,MIL,72,29.7,6.3,12.1,52.2,0,0,N/A,2.9,4,74,2.8,6.3,9.1,2.2,1.6,0.9,0.9,2.1,15.5
Lou Williams,LAL,66,28.6,4.3,10.4,41,1.6,4.7,34.5,5.3,6.3,83.2,0.5,2.1,2.5,2.5,1.6,0.9,0.3,1.6,15.4
Jordan Clarkson,LAL,71,32.1,6,13.8,43.3,1.3,3.8,35.2,2.1,2.6,80.2,1.2,2.8,3.9,2.5,1.7,1.1,0.1,2.2,15.3
Al Horford,ATL,75,32,6.5,12.7,51.2,1.1,3,35.4,1.2,1.5,79.3,1.8,5.3,7.1,3.2,1.3,0.8,1.5,1.9,15.3
Mike Conley,MEM,56,31.4,5.3,12.4,42.2,1.4,3.8,36.3,3.4,4.1,83.4,0.5,2.5,2.9,6.1,1.5,1.2,0.3,1.8,15.3
Eric Gordon,NO,45,32.9,5.1,12.3,41.8,2.5,6.5,38.4,2.5,2.8,88.8,0.2,2,2.2,2.7,1.6,1,0.3,2.2,15.2
Tyreke Evans,NO,25,30.6,5.4,12.6,43.3,1.3,3.4,38.8,3,3.7,79.6,0.8,4.4,5.2,6.6,2.9,1.3,0.3,2.6,15.2
Nicolas Batum,CHA,64,35.6,5.3,12.6,42.4,2.1,5.8,35.6,2.4,2.9,84.8,0.8,5.5,6.2,5.7,3,1,0.7,1.7,15.2
Thaddeus Young,BKN,72,33.1,6.8,13.1,51.4,0.1,0.4,23.3,1.5,2.3,64.4,2.4,6.7,9.1,1.9,1.8,1.5,0.5,2.5,15.1
Avery Bradley,BOS,69,33.6,6,13.4,44.5,2,5.5,36.3,1.2,1.5,79.8,0.6,2.2,2.8,2.1,1.5,1.5,0.2,2.1,15.1
Jeff Teague,ATL,72,28.4,5.3,12.2,42.9,1.3,3.4,39.2,3.3,3.9,83.5,0.4,2.3,2.8,6,2.7,1.2,0.3,2.1,15.1
Zach Randolph,MEM,60,29.6,6.2,12.7,48.7,0.1,0.3,25,2.5,3.1,79.3,2.6,5.4,8,2,1.5,0.6,0.2,2.1,14.9
Kentavious Caldwell-Pope,DET,69,36.7,5.4,12.8,42.2,1.5,4.9,30.5,2.5,3,81.4,0.9,2.8,3.7,1.9,1.4,1.5,0.2,2.2,14.8
Evan Fournier,ORL,70,32.2,5.2,11.5,45.3,2,4.9,39.9,2.4,2.9,82.3,0.4,2.4,2.9,2.6,1.6,1.2,0,2.7,14.8
Will Barton,DEN,75,28.6,5.4,12.2,44.3,1.4,3.9,36.1,2.6,3.2,81.3,0.8,5.3,6,2.4,1.7,0.8,0.5,1.8,14.8
Rodney Hood,UTA,71,31.8,5.1,12.1,42.4,2,5.6,36.5,2.3,2.6,87,0.5,2.8,3.3,2.7,1.6,0.9,0.2,2.7,14.6
Tobias Harris,DET,69,32.9,5.4,11.6,46.8,1,3.2,32.4,2.6,3.1,82,1.3,5.4,6.7,2.2,1.5,0.9,0.5,2,14.4
Jae Crowder,BOS,66,31.9,5,11.2,45,1.7,4.9,34.8,2.6,3.2,82.5,0.9,4.2,5.1,1.9,1.2,1.8,0.5,2.7,14.4
Alec Burks,UTA,28,27.1,4.8,11.6,40.9,1,2.7,38.7,3.8,5,75.2,0.6,3,3.6,2.1,1.8,0.6,0.1,2.5,14.3
Kristaps Porzingis,NY,72,28.4,5.2,12.3,42.1,1.1,3.4,33.3,2.8,3.3,83.8,1.8,5.5,7.3,1.3,1.7,0.7,1.9,2.8,14.3
Zach LaVine,MIN,74,27.7,5.4,11.8,45.6,1.4,3.6,38.9,2,2.6,78.6,0.3,2.5,2.8,3,1.9,0.8,0.2,2.4,14.2
Monta Ellis,IND,73,34.4,5.5,12.9,43,1.1,3.5,31.4,2,2.6,78.3,0.5,2.9,3.4,4.8,2.6,1.9,0.5,2.2,14.2
Dwight Howard,HOU,63,32.6,5.3,8.6,61.6,0,0.1,0,3.5,6.9,49.9,3.5,8.4,11.9,1.4,2.4,1,1.6,3.2,14.1
Hassan Whiteside,MIA,64,29,5.7,9.3,61.7,0,0,N/A,2.7,4.1,64.2,3.2,8.5,11.7,0.4,1.9,0.6,3.7,2.7,14.1
Michael Beasley,HOU,12,19.1,6,11.1,54.1,0.3,0.6,42.9,1.8,2.4,72.4,1.3,3.7,5,0.5,1.3,0.7,0.6,2.2,14
Marcus Morris,DET,73,35.7,5.1,11.8,42.9,1.3,3.7,35.2,2.5,3.4,75.1,1.1,3.8,4.9,2.5,1.7,0.8,0.3,2.1,14
Deron Williams,DAL,62,32.3,4.9,11.9,41.1,1.5,4.3,34.8,2.7,3.1,87.2,0.3,2.6,2.9,5.8,2.3,1,0.2,2.4,14
Goran Dragic,MIA,63,32.9,5.6,11.8,47.5,0.9,2.9,31.3,1.6,2.3,70.5,0.6,3.1,3.7,5.9,2.5,1,0.2,2.5,13.8
Draymond Green,GS,72,34.5,4.9,10,48.4,1.2,3.1,38.4,2.8,4.1,68.5,1.6,7.9,9.6,7.4,3.2,1.5,1.3,3,13.8
Chandler Parsons,DAL,61,29.5,5.2,10.7,49.2,1.7,4.1,41.4,1.5,2.2,68.4,0.5,4.2,4.7,2.8,1.6,0.8,0.3,1.9,13.7
Jamal Crawford,LAC,73,26.7,4.7,11.8,39.7,1.4,4.2,32.2,3,3.3,91.3,0.2,1.6,1.8,2.2,1.4,0.6,0.1,1.6,13.7
Darren Collison,SAC,69,29.6,5,10.3,48,1.2,2.9,39.8,2.5,2.9,84.6,0.4,1.8,2.2,4.1,1.7,1.1,0,1.9,13.6
Marcin Gortat,WAS,67,30.4,5.8,10.3,56.2,0,0,0,2,2.8,71.5,3,6.9,9.9,1.4,1.7,0.7,1.3,2.5,13.6
Jabari Parker,MIL,68,31.2,5.6,11.4,49.2,0.1,0.4,29.2,2.1,2.8,77.7,1.6,3.5,5.1,1.6,1.5,0.9,0.4,2,13.4
Devin Booker,PHO,68,26.9,4.6,10.7,42.9,1.3,3.6,35.1,2.8,3.3,84.1,0.3,2,2.4,2.5,1.9,0.5,0.2,2.9,13.3
Arron Afflalo,NY,64,33.9,5.2,11.5,45.1,1.3,3.4,38.9,1.6,1.9,83.7,0.3,3.5,3.8,2,1.2,0.3,0.1,2.1,13.3
D'Angelo Russell,LAL,72,27.5,4.9,11.8,41.7,1.7,4.7,35.3,1.6,2.2,72.5,0.6,2.8,3.4,3.4,2.3,1.2,0.2,1.7,13.1
DeAndre Jordan,LAC,71,34,4.6,6.6,70.2,0,0,0,3.6,8.1,44.3,3.6,10.4,14,1.2,1.4,0.7,2.3,2.7,12.9
Jarrett Jack,BKN,32,32.1,4.4,11.2,39.1,1,3.2,30.4,3.1,3.5,89.3,0.3,4,4.3,7.4,2.9,1.1,0.2,2.4,12.8
Kenneth Faried,DEN,62,25.6,5.4,9.4,57.3,0,0,0,2,3.3,60.4,3.5,5.3,8.8,1.1,1.4,0.5,0.9,2.5,12.8
Serge Ibaka,OKC,73,32.3,5.4,11.2,48.2,0.7,2.2,33.5,1.2,1.5,75.2,1.8,5,6.8,0.8,1.4,0.5,2,2.7,12.7
Michael Kidd-Gilchrist,CHA,7,29.3,4.7,8.7,54.1,0.4,1,42.9,2.9,4.1,69,1.7,4.7,6.4,1.3,1.1,0.4,0.4,1.3,12.7
Jonas Valanciunas,TOR,52,25.9,5,8.8,56.2,0,0,N/A,2.7,3.5,76.1,3.2,6,9.2,0.8,1.4,0.4,1.2,2.6,12.6
Ish Smith,PHI,69,28.3,5.1,12.6,40.9,0.6,1.9,32.1,1.6,2.3,68.8,0.6,3.3,3.9,6.6,2.2,1.2,0.2,1.7,12.5
Trevor Ariza,HOU,73,35.2,4.3,10.6,40.7,2.3,6.2,36.6,1.5,1.9,77.5,0.8,3.7,4.5,2.3,1.4,2,0.3,2.2,12.4
Enes Kanter,OKC,74,20.7,4.9,8.6,57,0.1,0.2,40,2.5,3.1,80.5,2.9,5,7.9,0.4,1.4,0.3,0.4,2,12.4
Wesley Matthews,DAL,70,33.3,4.2,10.8,38.9,2.3,6.5,35.8,1.6,1.8,86.7,0.4,2.7,3.1,2,1,1,0.2,2.3,12.3
J.R. Smith,CLE,69,30.6,4.6,11.1,41,2.6,6.6,39.3,0.6,0.9,62.9,0.6,2.3,2.8,1.6,0.8,1.1,0.3,2.7,12.3
Emmanuel Mudiay,DEN,61,30.2,4.6,13,35.2,1,3.1,30.4,2.2,3.2,66.7,0.5,2.9,3.4,5.5,3.2,1,0.5,2,12.3
George Hill,IND,66,34.7,4.4,10.1,43.6,1.7,4.3,40.5,1.6,2.1,76.6,0.8,3.3,4.1,3.6,1.4,1.2,0.2,2,12.2
Gary Harris,DEN,69,32.2,4.7,10.1,46.8,1.3,3.8,35.1,1.4,1.7,81.2,0.8,2.2,2.9,1.8,1.3,1.3,0.2,1.9,12.2
Tony Parker,SA,66,27.3,5,9.9,50.2,0.4,1,41.3,1.8,2.3,77.6,0.3,2.3,2.5,5.4,1.8,0.7,0.2,1.6,12.1
Robert Covington,PHI,59,27.6,3.9,10,38.9,2.3,6.6,34.5,2,2.5,79.3,0.9,5.2,6.1,1.4,2.3,1.5,0.6,3.4,12.1
Joe Johnson,MIA,72,33.5,4.5,10.5,42.7,1.5,3.9,39.1,1.5,1.8,84.6,0.6,3.1,3.7,4,1.9,0.7,0.1,1.8,12
Luol Deng,MIA,65,31.9,4.4,9.9,44.5,1.2,3.4,34.2,2,2.6,76.7,1.4,4.4,5.8,1.8,1,1,0.4,1.6,12
Omri Casspi,SAC,67,27.6,4.4,9.1,47.9,1.7,4.1,40.8,1.5,2.3,64.7,0.8,5.1,6,1.4,1.4,0.8,0.3,2.3,11.9
Rajon Rondo,SAC,69,35.3,4.9,10.8,45.2,0.8,2.3,35.4,1.2,2,57.4,1.1,5,6.1,11.7,3.9,1.9,0.1,2.4,11.8
Jeremy Lin,CHA,70,25.9,3.9,9.3,41.5,0.9,2.8,33.3,3,3.7,80.5,0.5,2.6,3.1,2.9,1.9,0.7,0.6,2.1,11.7
Otto Porter,WAS,66,30.7,4.6,9.8,46.8,1.3,3.6,35.6,1.2,1.7,73.9,1.3,3.9,5.3,1.7,1,1.5,0.4,2.2,11.7
DeMarre Carroll,TOR,23,31.9,4.3,11.1,38.8,1.8,4.8,37.8,1.2,2.1,58.3,1.2,3.6,4.8,1,1.2,1.7,0.2,2.5,11.7
Al Jefferson,CHA,39,23.5,5.1,10.6,48,0,0,N/A,1.5,2.4,61.3,1.2,4.8,6,1.4,0.7,0.6,0.9,2.5,11.7
Jeff Green,LAC,71,28.5,4.4,10.2,42.9,0.9,2.6,32.6,2.1,2.7,76.6,1,3.4,4.3,1.8,1.2,0.7,0.5,2.1,11.7
Julius Randle,LAL,73,27.9,4.6,10.5,43.5,0.1,0.5,27.3,2.3,3.3,70.4,2.1,8,10.1,1.7,1.8,0.6,0.4,3,11.6
Marvin Williams,CHA,72,29.1,4.1,9.2,44.9,1.9,4.7,40.2,1.4,1.7,83.7,1.5,5.1,6.6,1.3,0.8,0.7,1,1.6,11.5
C.J. Miles,IND,57,23.4,4,10,39.7,2.1,6,35.1,1.5,2,74.6,0.4,2.4,2.8,1,1.2,0.9,0.5,2.2,11.5
Kent Bazemore,ATL,69,27.7,4.2,9.6,43.9,1.4,4,35.5,1.6,2,83.1,0.3,4.5,4.9,2.2,1.8,1.2,0.4,2.2,11.5
Michael Carter-Williams,MIL,54,30.5,4.6,10.3,45.2,0.3,1,27.3,2,3,65.4,0.9,4.2,5.1,5.2,2.8,1.5,0.8,3,11.5
Markieff Morris,WAS,57,24.9,4.6,10.9,41.9,0.6,2.2,29.3,1.6,2.2,73.8,1.1,4.2,5.4,2,2.2,1,0.5,2.9,11.4
Dennis Schroder,ATL,73,20.5,4.2,9.7,43.5,1,3,32.9,1.8,2.3,81.3,0.3,2.3,2.6,4.5,2.2,0.9,0.1,1.7,11.3
Harrison Barnes,GS,57,30.4,4.3,9.4,45.4,1.1,2.9,37.7,1.6,2.1,77.5,1.2,3.5,4.7,1.8,0.8,0.7,0.2,2,11.3
Mirza Teletovic,PHO,72,20.5,3.8,9.1,42,2.2,5.6,39.5,1.4,1.8,76.9,0.6,2.9,3.5,1.1,0.9,0.4,0.3,2,11.2
Nerlens Noel,PHI,62,29.1,4.5,8.7,52.4,0,0,100,2,3.3,59.2,2.3,5.7,8,1.8,2.5,1.7,1.5,2.8,11.1
Bojan Bogdanovic,BKN,72,26.9,4.1,9.2,44.2,1.6,4.2,38.5,1.3,1.6,82.9,0.5,2.8,3.2,1.3,1.4,0.4,0.1,1.5,11.1
T.J. Warren,PHO,47,22.8,4.7,9.4,50.1,0.6,1.5,40,1,1.4,70.3,1.2,1.9,3.1,0.9,0.7,0.8,0.3,2,11
Elfrid Payton,ORL,64,29.3,4.4,10.1,43.8,0.5,1.3,35.8,1.5,2.5,58.6,1.1,2.4,3.5,6.1,2.4,1.2,0.3,2.3,10.8
Isaiah Canaan,PHI,73,25.4,3.3,9.3,35.9,2.2,6.2,36.3,1.9,2.3,84,0.3,2,2.2,1.8,1.2,0.7,0.1,1.7,10.8
Ricky Rubio,MIN,68,30.9,3,7.9,38.3,0.8,2.5,32.6,3.7,4.4,85.1,0.6,3.8,4.4,8.8,2.5,2.1,0.1,2.6,10.6
Nikola Mirotic,CHI,57,23.9,3.4,8.7,39,1.8,4.8,36.5,2.1,2.6,79.3,0.9,4.7,5.5,1.4,1.5,0.8,0.7,2.1,10.6
Jerryd Bayless,MIL,51,29.3,3.6,8.5,42.5,2,4.5,43.9,1.4,1.8,77.8,0.4,2.3,2.7,3.2,1.4,0.9,0.2,2.2,10.6
Norris Cole,NO,45,26.6,4.4,10.8,40.5,0.7,2.3,32.4,1.2,1.4,80,0.2,3.1,3.4,3.7,1.7,0.8,0.1,2.3,10.6
Trey Burke,UTA,64,21.3,4.1,9.9,41.3,1.4,4,34.4,1,1.3,81.7,0.3,1.5,1.8,2.3,1.3,0.5,0.1,1.3,10.6
Myles Turner,IND,51,23.1,4.5,9,49.9,0.1,0.3,21.4,1.5,2.1,71.7,1.2,4.3,5.4,0.6,1,0.4,1.5,2.6,10.5
Ersan Ilyasova,ORL,70,25.5,3.8,9,42,1.3,3.6,37.1,1.6,2.2,72.1,2,3.5,5.5,0.9,1,0.7,0.4,2.4,10.5
Jared Sullinger,BOS,73,24.1,4.4,10.1,43.5,0.4,1.3,27.7,1.3,2,63.8,2.5,6.1,8.6,2.3,1.3,1,0.6,2.7,10.4
Mario Chalmers,MEM,61,22.5,3,7.3,41,0.8,2.4,30.9,3.6,4.3,83.2,0.4,2.2,2.6,3.8,1.8,1.4,0.2,3,10.3
Allen Crabbe,POR,74,26,3.9,8.5,46,1.4,3.5,38.3,1.1,1.3,85.9,0.3,2.4,2.7,1.2,0.8,0.8,0.2,2.4,10.3
Marco Belinelli,SAC,68,24.6,3.6,9.3,38.6,1.3,4.4,30.6,1.7,2,83.3,0.1,1.6,1.7,1.9,1.2,0.5,0,1.3,10.2
J.J. Barea,DAL,68,22,4,9.1,44,1.3,3.3,38.2,1,1.2,77.4,0.4,1.6,1.9,4,1.5,0.3,0,1.5,10.2
Evan Turner,BOS,74,27.7,4.1,9.1,45,0.2,1,20.8,1.8,2.2,82.5,0.6,4.3,4.9,4.4,2,1,0.3,1.6,10.2
Robin Lopez,NY,75,26.8,4.3,7.9,54.8,0,0,0,1.5,1.9,81.1,3.2,4,7.2,1.3,1.6,0.2,1.5,2.3,10.2
Gorgui Dieng,MIN,74,27.4,3.8,7,53.5,0.1,0.2,23.5,2.5,3,82.9,1.9,5.3,7.2,1.8,1.8,1.2,1.2,2.8,10.1
Kelly Olynyk,BOS,61,20.5,3.8,8.3,45.4,1.3,3.1,40.8,1.3,1.7,74.3,1.1,3.1,4.2,1.5,1.1,0.7,0.5,2.4,10.1
Jordan Farmar,MEM,4,25.6,3.5,8.5,41.2,1.5,4,37.5,1.5,1.5,100,0,2.3,2.3,3.3,1.3,1.5,0,2.3,10
Nikola Jokic,DEN,73,20.9,3.8,7.5,50.5,0.3,1,34.3,1.9,2.4,80.2,2.2,4.5,6.6,2.3,1.4,1,0.6,2.6,9.9
Al-Farouq Aminu,POR,75,28.4,3.5,8.7,40.7,1.4,4.2,34.5,1.4,1.9,73.4,1.2,4.9,6.1,1.7,1.4,0.8,0.6,2.1,9.9
Shabazz Muhammad,MIN,74,20.3,3.6,8,45.4,0.5,1.8,28.4,2.1,2.7,77.9,1.2,2.1,3.3,0.5,0.9,0.3,0.1,1.2,9.9
Courtney Lee,CHA,70,29.3,3.7,8.1,46.3,1.1,2.8,38.7,1.3,1.6,83.8,0.4,2.2,2.5,1.6,0.9,1,0.3,1.7,9.9
Marcus Thornton,WAS,55,18.3,3.6,9,39.8,1.5,4.6,33.9,1,1.2,85.1,0.6,1.7,2.3,1.3,0.8,0.8,0.1,1.5,9.8
Gary Neal,WAS,40,20.2,3.8,8.1,46.5,1,2.5,41,1.2,1.4,85.5,0.3,1.8,2.1,1.2,0.7,0.5,0,1.4,9.8
Matt Barnes,MEM,68,28.1,3.4,8.8,38.8,1.5,4.7,33,1.3,1.7,79.8,1.1,4.2,5.3,2.1,1.6,1.1,0.8,3.1,9.7
Hollis Thompson,PHI,70,28,3.5,8.6,40.4,1.9,4.9,37.9,0.9,1.2,72.1,0.7,2.9,3.6,1.2,1,0.5,0.3,2.4,9.7
Kevin Martin,SA,49,20,2.9,7.8,37.1,0.9,2.5,37.2,2.9,3.2,88.1,0.2,1.6,1.9,1.1,1,0.4,0.1,1.6,9.6
Dion Waiters,OKC,70,27.6,3.6,9,40.3,1.1,3,36.8,1.3,1.8,71.1,0.4,2.1,2.6,1.9,1.5,1,0.2,1.9,9.6
Sean Kilpatrick,BKN,22,16.8,3.4,6.8,49.7,1.2,3,38.8,1.7,1.9,92.7,0.3,1.1,1.4,0.5,0.7,0.2,0,1.1,9.6
Patrick Beverley,HOU,63,28.4,3.5,8.2,42.4,1.7,4.3,40.1,0.8,1.2,67.5,1,2.4,3.4,3,1.3,1.3,0.4,3.3,9.5
Manu Ginobili,SA,53,19.4,3.4,7.5,45.1,1.2,3.1,37.4,1.6,1.9,80.6,0.5,2.2,2.6,3.1,1.7,1.1,0.2,1.7,9.5
Doug McDermott,CHI,72,23.1,3.6,8,45.1,1.5,3.4,43,0.8,1,85.7,0.5,1.9,2.4,0.7,0.7,0.2,0.1,1.5,9.5
Ramon Sessions,WAS,73,19.8,3.3,7,46.5,0.4,1.3,30.2,2.6,3.5,75.3,0.3,2.1,2.4,2.5,1.3,0.5,0.1,1.2,9.5
Kyle Korver,ATL,73,29.9,3.4,7.8,43.8,2,5,39.8,0.6,0.7,82.7,0.2,3.1,3.3,2.1,1.2,0.8,0.4,2,9.4
Terrence Ross,TOR,64,24.1,3.5,8.3,42.5,1.8,4.6,38.2,0.6,0.8,81.6,0.3,2.1,2.4,0.7,0.6,0.8,0.4,1.6,9.4
Raymond Felton,DAL,73,27.3,3.4,8.3,41,0.8,2.6,29.4,1.8,2.1,86.1,0.5,2.7,3.2,3.5,1.4,0.9,0.2,1.7,9.4
Marcus Smart,BOS,53,27.1,3.1,8.9,34.6,1,4.1,24.7,2.1,2.8,76.2,1.3,3,4.3,2.8,1.3,1.6,0.3,3.1,9.3
Jeremy Lamb,CHA,59,19,3.6,8,45.6,0.9,2.9,32,1,1.4,71.6,0.7,3.1,3.8,1.2,0.7,0.7,0.4,1.7,9.2
Rudy Gobert,UTA,54,32,3.3,5.9,55.2,0,0,N/A,2.6,4.6,58.1,3.4,7.6,11,1.5,1.9,0.8,2.2,2.7,9.2
Jerami Grant,PHI,70,26.5,3.1,7.4,41.7,0.4,1.8,20.8,2.6,3.9,67,1.3,3.5,4.7,1.7,1.4,0.7,1.7,2.8,9.2
Jordan Hill,IND,69,21.1,3.9,7.7,50.9,0,0,0,1.3,1.8,70.7,2.2,4.1,6.3,1.2,1.3,0.5,0.5,2.2,9.1
Ian Mahinmi,IND,63,25.5,3.6,6.2,58.2,0,0,N/A,1.8,3.2,57.7,1.9,5.1,7.1,1.5,1.3,0.9,1.1,3.1,9
Luis Scola,TOR,72,21.9,3.6,8,45.2,0.9,2.1,41.7,0.8,1.1,74.1,1.2,3.7,4.8,0.9,0.9,0.6,0.4,2.4,9
Zaza Pachulia,DAL,68,26.8,3,6.5,46.1,0,0,0,2.9,3.8,77.1,3.3,6.4,9.7,1.7,1.6,0.9,0.3,2.4,9
Alex Len,PHO,70,22.4,3.3,7.7,43.3,0,0.1,14.3,2.3,3.1,72.8,2.3,5.2,7.5,1.1,1.8,0.5,0.8,2.9,9
Rodney Stuckey,IND,49,22.5,3.2,7.9,40.5,0.4,1.4,26.1,2.1,2.6,81.4,0.3,2.4,2.7,2.4,1.3,0.7,0.1,1.2,8.9
Mason Plumlee,POR,75,25.3,3.2,6.3,50.5,0,0.1,0,2.6,4.1,63.2,2.5,5.2,7.6,2.6,1.9,0.8,1,3.1,8.9
Carl Landry,PHI,32,14.8,3.5,6.5,53.6,0.1,0.3,22.2,1.9,2.6,73.2,1.2,2.5,3.8,0.7,0.6,0.3,0.3,2,8.9
Mo Williams,CLE,36,19.6,3.5,7.9,44,0.9,2.6,33.7,1.1,1.2,90.5,0.2,1.7,1.9,2.6,1.5,0.3,0.1,1.6,8.9
Aaron Gordon,ORL,72,23.6,3.3,7.1,47,0.5,1.7,30.4,1.7,2.5,66.9,2,4.6,6.5,1.6,0.9,0.7,0.7,2,8.8
Patty Mills,SA,73,20.5,3.4,7.6,44.1,1.5,3.9,39.2,0.5,0.7,77.1,0.4,1.7,2.1,2.8,0.9,0.7,0.1,1.2,8.8
Derrick Williams,NY,73,16.9,3,6.7,43.9,0.5,1.8,26.2,2.5,3.3,75,0.5,3,3.5,0.9,0.7,0.4,0.1,0.8,8.8
Archie Goodwin,PHO,50,19.8,3,7.3,40.9,0.4,1.6,22,2.4,3.5,69,0.5,2.1,2.6,2,1.7,0.4,0.2,1.4,8.8
Gerald Green,MIA,62,23.2,3.3,8.6,38.3,1.2,3.8,31.4,1,1.4,77.4,0.4,2.1,2.5,0.9,0.7,0.5,0.3,1.7,8.8
Cody Zeller,CHA,65,24.6,3.2,6.2,52,0,0.2,10,2.4,3.3,74.5,1.9,4.3,6.2,1,1,0.7,0.8,2.9,8.8
Terrence Jones,HOU,49,21.2,3.4,7.4,45.2,0.5,1.6,31.6,1.6,2.4,66.4,1.2,3,4.3,0.8,1,0.5,0.8,1.7,8.8
Tyler Johnson,MIA,36,24,3.3,6.8,48.6,0.8,2,38,1.4,1.8,79.7,0.8,2.3,3,2.2,1.3,0.7,0.4,1.8,8.7
Nene Hilario,WAS,49,19.1,3.4,6.5,53.3,0,0.1,0,1.8,3.1,57.8,0.8,3.5,4.3,1.7,1.2,1,0.4,2.7,8.7
Taj Gibson,CHI,72,26.7,3.7,6.9,53,0,0,0,1.4,2,69.2,2.8,4.1,7,1.5,1.1,0.7,1.1,2.5,8.7
Cory Joseph,TOR,72,25.8,3.2,7.4,43.7,0.4,1.3,27.7,1.7,2.3,76.7,0.5,2.2,2.7,3.1,1.3,0.8,0.3,1.7,8.5
Tim Duncan,SA,55,24.9,3.5,7,50.3,0,0,0,1.5,2.1,71.1,1.9,5.5,7.4,2.8,1.5,0.8,1.2,2.2,8.5
Jon Leuer,PHO,62,18.8,3.4,7,48.3,0.7,1.8,38.5,1.1,1.5,75.8,1.1,4.3,5.4,1.1,1.1,0.6,0.5,1.9,8.5
Gerald Henderson,POR,66,19.5,3.1,7.2,43.7,0.7,1.9,36.2,1.5,2,76.7,0.4,2.6,3,1,0.9,0.5,0.3,1.2,8.5
Stanley Johnson,DET,67,23.5,3.2,8.3,38.4,0.9,2.9,31.1,1.1,1.4,80,0.8,3.4,4.2,1.7,1.6,0.7,0.2,2.4,8.4
Austin Rivers,LAC,60,21.7,3.2,7.4,43.5,0.8,2.6,29.9,1.2,1.7,69.3,0.3,1.6,1.9,1.4,0.9,0.7,0.2,2.1,8.4
Tony Wroten,PHI,8,18,2.8,8.1,33.8,0.4,2.1,17.6,2.5,4.6,54.1,0.3,2.4,2.6,2.5,3.6,0.4,0,1.4,8.4
Meyers Leonard,POR,61,21.8,3.2,7.1,44.8,1.4,3.7,37.7,0.6,0.8,76.1,0.8,4.3,5.1,1.5,1.3,0.1,0.3,3,8.4
David Lee,DAL,47,16.7,3.4,6.5,52.5,0,0,0,1.4,1.8,77.9,1.8,3.7,5.5,1.7,1.2,0.4,0.6,2,8.2
Lance Thomas,NY,59,22.3,2.9,6.5,44.2,0.7,1.8,40.4,1.7,2,85.7,0.6,1.6,2.2,0.9,1,0.4,0.1,1.8,8.2
Tony Allen,MEM,59,25.3,3.2,7.1,45.5,0.3,0.7,37.5,1.4,2.1,64,1.5,3,4.6,1.1,1.2,1.7,0.3,2.7,8.1
Jared Dudley,WAS,72,26.8,2.9,6.2,47.5,1.3,3.1,42.5,0.9,1.2,71.9,0.7,2.9,3.5,2.1,1,0.9,0.2,2.3,8.1
Nik Stauskas,PHI,66,23.9,2.8,7.1,39.3,1.4,4.2,33.6,1,1.4,75,0.3,2.2,2.5,1.8,1.3,0.6,0.3,1.5,8
Jordan Hamilton,NO,2,21.4,3.5,7.5,46.7,0.5,2,25,0.5,1,50,0.5,3.5,4,2.5,0.5,1,0.5,2.5,8
Matthew Dellavedova,CLE,67,25.3,2.9,6.9,41.4,1.4,3.3,42.9,0.8,0.9,85.2,0.4,1.7,2.1,4.4,1.6,0.6,0.1,2.3,7.9
Tristan Thompson,CLE,73,27.9,3.1,5.2,58.6,0,0,N/A,1.8,2.8,62.8,3.3,5.9,9.2,0.8,0.7,0.4,0.6,2.5,7.9
Mike Dunleavy,CHI,23,23.7,2.8,6.8,41,1.5,3.6,41.5,0.9,1,87,0.3,2.8,3.2,1.5,1,0.4,0.2,2.1,7.9
O.J. Mayo,MIL,41,26.6,2.9,7.8,37.1,1.3,4,32.1,0.8,1,77.5,0.3,2.2,2.6,2.9,1.8,1.2,0.2,3.1,7.8
Lance Stephenson,MEM,62,18.9,3.1,6.3,49.2,0.4,1.1,35.3,1.2,1.5,79.6,0.6,2.7,3.2,1.8,1.4,0.6,0.1,2,7.8
Steven Adams,OKC,72,24.8,3.2,5.2,61.3,0,0,N/A,1.4,2.4,59.8,2.6,3.9,6.5,0.7,1,0.5,1.1,2.8,7.8
Shelvin Mack,UTA,44,17.7,3.2,7.3,43.9,0.7,2.1,32.6,0.7,1,68.9,0.2,2,2.2,3.4,1.8,0.7,0,1.1,7.8
Jusuf Nurkic,DEN,27,15.5,2.9,6.9,42.7,0,0.1,0,1.9,2.9,65.8,1.7,3.2,4.9,1.1,1.6,0.6,1.3,2.7,7.8
Jameer Nelson,DEN,39,26.6,2.9,7.9,36.8,1.1,3.7,29.9,0.8,0.9,85.7,0.5,2.5,2.9,4.9,1.7,0.6,0.1,2.6,7.7
Jose Calderon,NY,71,28.4,2.9,6.4,45.9,1.2,2.9,41.4,0.6,0.7,87.5,0.3,2.9,3.2,4.2,1.2,0.9,0.1,1.9,7.6
Corey Brewer,HOU,74,20.9,2.7,6.9,39.3,0.8,2.9,28.9,1.4,1.8,75.4,0.5,2,2.5,1.4,1,1.1,0.2,2.1,7.6
Wayne Ellington,BKN,67,20.9,2.9,7.1,40.2,1.2,3.3,36.2,0.7,0.9,84.5,0.2,2,2.3,1,0.6,0.6,0,1.1,7.6
Langston Galloway,NY,75,24.5,2.8,6.9,40.1,0.9,2.7,35,1.1,1.4,76.7,0.5,3,3.5,2.3,0.7,0.9,0.3,2.2,7.6
Joffrey Lauvergne,DEN,53,17.5,3.2,6.2,51.5,0.2,0.9,26.5,1,1.1,89.5,1.4,3.6,4.9,0.9,0.8,0.2,0.2,2,7.6
E'Twaun Moore,CHI,55,21.1,3.2,6.5,49,0.8,1.7,45.2,0.4,0.6,62.9,0.3,1.9,2.2,1.7,0.9,0.6,0.3,1.7,7.6
D.J. Augustin,DEN,55,18.9,2.3,5.6,42.2,1.1,2.7,42.6,1.7,2.1,80.7,0.1,1.4,1.6,3.1,1.3,0.6,0.1,1.4,7.5
Festus Ezeli,GS,40,17.8,2.9,5.3,55.7,0,0,N/A,1.7,3.1,53.2,2.1,3.8,5.9,0.8,0.9,0.4,1.2,2.3,7.5
Ben McLemore,SAC,60,20.6,2.7,6.3,42.9,0.9,2.6,35.5,1.2,1.6,74,0.5,1.6,2,1.2,1.4,0.8,0.2,2.1,7.5
Garrett Temple,WAS,71,24.9,2.6,6.5,39.4,1.1,3.3,33.9,1.1,1.5,71.8,0.4,2.2,2.6,1.7,0.8,0.9,0.2,2.5,7.4
Toney Douglas,NO,52,18.6,2.5,6.5,39.1,1.2,3,39.2,1.1,1.4,80.8,0.3,1.7,2,2.3,0.9,1.1,0.1,2.2,7.4
Nick Young,LAL,54,19.1,2.3,6.9,33.9,1.4,4.4,32.5,1.2,1.4,82.9,0.3,1.5,1.8,0.6,0.6,0.4,0.1,0.9,7.3
Devin Harris,DAL,57,19.4,2.5,5.5,45.6,0.7,2.2,32.3,1.5,2.2,71.5,0.3,1.8,2.1,1.9,0.9,1,0.2,1.9,7.3
Darrell Arthur,DEN,67,21.8,3.1,6.8,45,0.6,1.6,36.5,0.6,0.7,76,1.2,2.9,4.1,1.4,1,0.8,0.7,2.6,7.3
P.J. Tucker,PHO,74,30.6,2.7,6.6,40.4,0.8,2.4,32.4,1.1,1.6,71.8,1.9,4.1,5.9,2,1.3,1.3,0.3,2.5,7.3
Danny Green,SA,72,26.3,2.7,7.1,37.5,1.4,4.4,33,0.5,0.6,75.6,0.6,3.3,3.9,1.8,1,1,0.8,1.7,7.3
Andre Iguodala,GS,60,26.8,2.8,5.8,48.4,0.9,2.4,35.6,0.8,1.4,61.7,0.8,3.3,4.1,3.4,1.2,1.2,0.3,1.6,7.3
Marreese Speights,GS,63,11.7,2.8,6.4,43.1,0.3,0.8,41.5,1.3,1.6,82.2,1.1,2.3,3.4,0.9,0.9,0.2,0.4,1.6,7.2
Frank Kaminsky,CHA,72,20.9,2.6,6.4,40.4,0.8,2.4,32.6,1.3,1.7,73.6,0.8,3.2,4,1.3,0.8,0.5,0.5,1.6,7.2
Jason Smith,ORL,67,15.6,3.2,6.6,48.9,0.1,0.2,26.7,0.8,1,79.7,0.7,2,2.7,0.8,0.8,0.4,0.8,2.2,7.2
Brandon Bass,LAL,65,20.3,2.6,4.8,55.2,0,0,0,1.9,2.2,84.8,1.6,2.8,4.3,1.1,0.6,0.5,0.8,1.9,7.2
Aaron Brooks,CHI,61,16.2,2.8,7,39.3,1,2.8,34.9,0.7,1,75,0.3,1.3,1.6,2.6,1.2,0.4,0.1,2,7.2
Amir Johnson,BOS,71,22.7,3.2,5.4,58.3,0.1,0.5,23.7,0.8,1.4,54.9,2.3,4,6.3,1.7,1.2,0.6,1.1,2.6,7.2
JaMychal Green,MEM,70,18,2.8,6,47.6,0.2,0.6,34.9,1.3,1.7,76.7,1.5,2.9,4.5,0.8,1,0.6,0.4,2.5,7.2
Brandon Jennings,ORL,43,18.2,2.4,6.5,36.7,1,3.3,31.9,1.3,1.8,74,0.3,1.7,2.1,3.4,1.2,0.6,0.1,1.1,7.1
Greivis Vasquez,MIL,16,22.6,2.4,7,34.8,0.9,3.4,25.9,1.4,1.6,88,0.3,2.1,2.3,4.4,1.9,0.4,0,2.1,7.1
John Henson,MIL,49,17,3,5,59.8,0,0,N/A,1.1,2,56.6,1.6,2.3,3.9,0.9,1.1,0.3,2,2.3,7.1
Shane Larkin,BKN,69,21.3,2.7,6.1,44.3,0.5,1.4,34.4,1,1.3,79.8,0.2,1.8,2,4.1,1.8,1.2,0.1,1.6,7
Patrick Patterson,TOR,71,25.3,2.6,6.2,42,1.4,3.8,36.7,0.4,0.4,87.1,0.9,3.4,4.3,1.1,0.8,0.6,0.4,1.7,7
Kris Humphries,ATL,46,16.6,2.5,6,41.8,0.7,2.2,32,1.3,1.6,82.2,1.2,3.3,4.5,0.7,0.7,0.3,0.5,1.9,7
Clint Capela,HOU,69,19.3,3,5.1,58.1,0,0,0,1.1,2.9,38.2,2.5,3.8,6.3,0.6,0.8,0.7,1.1,2.5,7
Bobby Portis,CHI,53,17.6,3,7,42.4,0.3,0.8,31.1,0.7,1.1,69.6,1.8,3.5,5.3,0.8,0.9,0.4,0.4,1.7,7
Donald Sloan,BKN,53,21.8,2.5,5.5,44.2,0.6,1.6,38.1,1.4,1.8,75,0.3,2.8,3.1,4.3,1.4,0.6,0.1,1.2,6.9
Brandan Wright,MEM,12,17.7,2.9,4.3,67.3,0,0,N/A,1.1,2,54.2,1.2,2.4,3.6,0.5,0.8,0.4,1.3,1.8,6.9
David West,SA,72,17.4,3.1,5.6,55,0,0.1,40,0.7,0.9,80.3,0.9,3,3.9,1.8,0.9,0.5,0.7,1.8,6.9
Willie Cauley-Stein,SAC,58,20.2,2.8,4.8,58.8,0,0,0,1.1,1.8,64.1,2,3.3,5.2,0.4,0.7,0.6,1,2.1,6.8
Wesley Johnson,LAC,73,20.4,2.5,6.3,40.3,1.3,3.9,32.5,0.4,0.6,64.4,0.5,2.7,3.1,0.6,0.7,1.1,0.6,2.2,6.8
Thabo Sefolosha,ATL,68,23.7,2.6,5.2,51,0.6,1.7,34.7,0.9,1.4,64.1,0.7,3.9,4.6,1.4,0.9,1.2,0.5,1.4,6.7
Ed Davis,POR,74,20.9,2.5,4.1,61.2,0,0,N/A,1.5,2.7,56.6,2.7,4.6,7.4,1.1,0.8,0.7,0.9,2.4,6.6
Andrea Bargnani,BKN,46,13.8,2.8,6.1,45.5,0.1,0.3,18.8,1,1.2,82.5,0.6,1.5,2.1,0.4,0.6,0.1,0.2,1.3,6.6
Andrew Goudelock,HOU,2,10.7,3,4.5,66.7,0.5,1.5,33.3,0,0,N/A,0,0,0,1,0,1,0.5,1,6.5
Leandro Barbosa,GS,60,15.7,2.5,5.5,46.2,0.6,1.6,33.7,0.8,1,83.3,0.4,1.3,1.6,1.3,0.8,0.7,0.2,1.6,6.5
Justise Winslow,MIA,70,28.8,2.5,5.9,43.2,0.4,1.5,26.2,1,1.5,68.2,1,4.2,5.2,1.5,1.3,0.9,0.4,2.4,6.5
Donatas Motiejunas,HOU,30,14.7,2.5,5.5,46.3,0.5,1.5,32.6,1,1.6,61.7,1,2,3,1,1.2,0.4,0.1,1.9,6.5
Kosta Koufos,SAC,71,18.4,2.8,5.3,52.8,0,0,N/A,0.7,1.3,56.7,2.1,3.1,5.2,0.3,0.6,0.5,0.9,2.3,6.4
Tyson Chandler,PHO,60,23.6,2.5,4.4,55.8,0,0,0,1.5,2.4,61.3,2.5,5.9,8.4,0.9,1.4,0.5,0.6,2.2,6.4
Timofey Mozgov,CLE,68,17.5,2.8,4.9,56.3,0,0.1,14.3,0.9,1.2,71.4,1.5,2.9,4.4,0.4,1,0.3,0.7,2.1,6.4
Boris Diaw,SA,73,18.3,2.7,5.1,52.7,0.3,0.9,36.8,0.8,1,74.3,0.8,2.4,3.1,2.3,1.2,0.4,0.3,1.4,6.4
Josh Richardson,MIA,43,19.1,2.3,4.7,48.3,1,2,50,0.7,1.1,65.3,0.3,1.5,1.8,1.3,0.6,0.7,0.5,2.1,6.3
Andrew Nicholson,ORL,48,14.2,2.5,5.4,45.2,0.7,2,34,0.8,1,78.3,0.6,3,3.6,0.4,0.8,0.1,0.4,1.2,6.3
T.J. McConnell,PHI,73,19.8,2.8,5.7,48.4,0.4,1.1,34.2,0.4,0.6,63.4,0.5,2.6,3.2,4.4,1.8,1.2,0.1,1.5,6.3
Aron Baynes,DET,73,14.9,2.4,4.8,51,0,0,0,1.4,1.9,73.8,1.8,3,4.7,0.7,0.8,0.3,0.7,1.9,6.3
P.J. Hairston,MEM,62,20.2,2.2,6.2,35.8,1.1,3.7,29.5,0.8,1,77,0.4,2.2,2.6,0.6,0.6,0.5,0.2,2.2,6.3
Mike Scott,ATL,68,15.3,2.4,5.1,46.3,0.8,2.1,38.4,0.7,0.9,78,0.7,2,2.7,1.1,0.6,0.4,0.3,1.4,6.3
Dwight Powell,DAL,63,15.2,2.3,4.6,49.8,0,0.3,12.5,1.7,2.2,75,1.3,3,4.2,0.7,0.6,0.6,0.4,1.8,6.2
Raul Neto,UTA,73,19.1,2.3,5.4,43.7,0.8,2.1,41.1,0.6,0.8,72.6,0.2,1.3,1.5,2.2,1.4,0.8,0,1.6,6.2
Roy Hibbert,LAL,73,23.3,2.3,5.1,45.5,0,0,0,1.5,1.9,79.6,1.6,3.3,4.9,1.2,0.9,0.4,1.4,3.2,6.2
J.J. Hickson,WAS,29,13.1,2.3,4.5,52.3,0,0,0,1.4,3,46,1,2.7,3.7,0.7,0.8,0.5,0.4,1.5,6.1
Shaun Livingston,GS,69,19.3,2.5,4.8,52.6,0,0.2,16.7,1,1.2,86.4,0.6,1.5,2.1,2.9,0.9,0.8,0.3,1.7,6.1
Tyler Zeller,BOS,54,11.9,2.3,4.9,46.6,0,0,N/A,1.4,1.7,82.6,1.1,2,3.1,0.4,0.8,0.2,0.3,1.7,6
Tim Hardaway Jr.,ATL,44,16.8,2.1,5,41.9,0.9,2.7,32.2,1,1.1,87.5,0.2,1.5,1.7,1,0.5,0.5,0.1,1,6
Spencer Hawes,CHA,50,18.7,2.2,5.5,39.9,0.7,1.9,35.1,0.9,1.1,83.9,0.8,3.5,4.3,2,1,0.4,0.4,2,6
Alan Anderson,WAS,9,14.5,1.9,4.6,41.5,1.2,3.1,39.3,1,1.2,81.8,0.1,2,2.1,1,0.2,0.2,0.1,1.9,6
Vince Carter,MEM,52,15.9,2,5.3,37.2,0.9,2.8,32,1.2,1.4,86.1,0.4,1.9,2.3,0.8,0.6,0.6,0.3,1.6,6
Amar'e Stoudemire,MIA,45,15,2.4,4.3,56.5,0,0,N/A,1,1.4,74.2,1.4,3.1,4.5,0.6,0.9,0.3,0.9,1.7,5.9
Jason Terry,HOU,64,17.6,2.1,5.2,40.6,1.3,3.5,36.1,0.4,0.5,83.9,0.2,0.9,1.1,1.4,0.7,0.7,0.1,1.3,5.9
Maurice Harkless,POR,71,17.8,2.3,4.8,48.1,0.5,1.7,26.4,0.8,1.3,59.6,1.1,2.2,3.3,0.8,0.8,0.5,0.4,1.5,5.9
Josh Smith,HOU,50,15.9,2.3,6.5,35.3,0.7,2.5,26.2,0.7,1.2,55.7,1,2.6,3.6,1.6,1.4,0.6,0.9,2.1,5.9
Trevor Booker,UTA,71,20.8,2.4,5,48.4,0.1,0.5,27,0.9,1.3,68.4,2.2,3.7,5.9,1,1.1,0.8,0.5,2.2,5.9
Jonathon Simmons,SA,51,14.3,2.1,4.3,49.8,0.4,0.8,42.9,1.2,1.5,75.6,0.3,1.4,1.6,1.1,0.9,0.4,0.1,1.9,5.8
Channing Frye,CLE,61,16.8,2.1,4.6,44.9,1.3,3.2,40.2,0.4,0.5,85.7,0.5,2.8,3.3,1,0.6,0.4,0.4,1.8,5.8
Paul Pierce,LAC,64,17.7,2,5.7,35.4,1.1,3.5,30.4,0.8,0.9,80,0.2,2.6,2.8,1.1,0.8,0.5,0.3,1.9,5.8
Randy Foye,OKC,73,20.2,2.1,5.9,35,0.9,3.1,29.7,0.7,0.8,82.3,0.3,1.7,2,2,1,0.5,0.3,1.6,5.7
Mario Hezonja,ORL,70,16.8,2.1,5.1,42.1,0.8,2.3,33.7,0.6,0.6,91.1,0.4,1.8,2.1,1.2,1.2,0.4,0.2,1.5,5.7
Ty Lawson,IND,58,21.4,2.1,5.3,39.2,0.6,1.7,34.3,1,1.4,70,0.3,1.3,1.7,3.3,1.5,0.8,0.1,1.3,5.7
Richard Jefferson,CLE,67,17.7,2,4.2,46.8,0.9,2.3,39.5,0.7,1.1,64.9,0.2,1.5,1.7,0.8,0.6,0.4,0.2,1.8,5.6
Larry Nance Jr.,LAL,56,20,2.6,4.8,53,0,0.2,11.1,0.5,0.7,65.9,1.6,3.4,5,0.6,0.7,0.8,0.3,2,5.6
Bismack Biyombo,TOR,73,22.7,1.9,3.5,54.3,0,0,0,1.8,2.8,63.5,2.3,6,8.2,0.4,0.9,0.2,1.7,2.8,5.6
Bryce Dejean-Jones,NO,14,19.9,2,4.9,40.6,0.9,2.3,37.5,0.8,1.5,52.4,0.6,2.9,3.4,1.1,0.8,0.7,0.1,1.2,5.6
Richaun Holmes,PHI,51,13.8,2.2,4.4,51.4,0.2,0.9,18.2,1,1.5,68.9,1.2,1.4,2.6,0.6,0.6,0.4,0.8,1.8,5.6
Tiago Splitter,ATL,36,16.1,2.3,4.3,52.3,0,0.1,0,1.1,1.3,81.3,1.3,2.1,3.3,0.8,0.7,0.6,0.3,2,5.6
Iman Shumpert,CLE,48,24,2.1,5.5,37.6,0.8,2.7,30.5,0.6,0.8,76.3,0.6,3.1,3.7,1.7,1,1,0.4,2.2,5.6
Andrew Bogut,GS,63,20.7,2.5,4,62,0,0,100,0.4,0.8,48,1.8,5.3,7,2.3,1.1,0.5,1.7,3.1,5.4
Trey Lyles,UTA,72,16.3,2.1,4.9,43.9,0.5,1.3,39.2,0.6,0.9,68.7,0.8,2.8,3.6,0.7,0.8,0.3,0.2,1.4,5.4
Dante Cunningham,NO,71,23.5,2,4.6,44,0.6,2.1,30.9,0.6,0.8,70.7,0.7,2.3,3,0.8,0.4,0.5,0.4,2.1,5.3
Anthony Morrow,OKC,60,13.5,1.9,4.7,40.8,1.1,2.9,38.7,0.3,0.5,74.1,0.2,0.8,0.9,0.3,0.2,0.4,0.1,1,5.3
Rondae Hollis-Jefferson,BKN,23,21.2,2.1,4.2,49.5,0,0.3,16.7,1.1,1.6,69.4,1.5,4.3,5.7,1.5,1,1.4,0.3,2.2,5.3
Anthony Tolliver,DET,64,19,1.8,4.7,38.3,1.4,3.8,36.1,0.4,0.7,61.9,0.5,2.8,3.3,0.8,0.4,0.4,0.2,1.3,5.3
Lavoy Allen,IND,70,20.5,2.3,4.6,50.8,0,0,N/A,0.5,0.9,62.3,2,3.4,5.4,1,0.9,0.3,0.6,1.9,5.2
Luke Babbitt,NO,39,15.4,1.9,4.6,41.9,0.8,2.1,38.6,0.5,0.7,75,0.4,2.2,2.6,0.7,0.3,0.2,0.1,1.7,5.2
Charlie Villanueva,DAL,57,11,2.1,5.4,38.2,0.7,2.8,25.9,0.4,0.4,91.7,0.4,2.1,2.5,0.4,0.5,0.3,0.3,1.2,5.2
JaVale McGee,DAL,33,11.1,2.3,4,57.9,0,0,0,0.5,1.1,50,1.6,2.4,4,0.1,0.6,0.2,0.8,1.5,5.2
Ronnie Price,PHO,54,18.4,1.8,4.6,39.8,1.1,3,35.6,0.5,0.6,77.1,0.3,1.1,1.5,2.1,0.9,1.1,0.2,2.5,5.2
Jarell Martin,MEM,19,13.8,1.9,4.7,41.6,0,0.1,0,1.3,1.8,70.6,1.6,1.8,3.4,0.6,0.7,0.3,0.3,1.9,5.2
Boban Marjanovic,SA,49,8.6,1.8,3,58.4,0,0,N/A,1.5,2,75,1.3,2.1,3.4,0.4,0.5,0.2,0.4,0.9,5.1
Troy Daniels,CHA,38,10.1,1.9,4.1,46.1,1.2,2.6,47.4,0.1,0.2,55.6,0.2,1.1,1.3,0.4,0.5,0.2,0.1,0.8,5.1
Tony Snell,CHI,62,19.9,1.9,5.2,37.2,0.9,2.4,35.6,0.4,0.5,89.3,0.3,2.7,3,1,0.8,0.2,0.3,1.6,5.1
Seth Curry,SAC,36,12.4,1.7,3.7,45.5,0.7,1.7,41.9,0.9,1.1,81.6,0.2,0.9,1.1,0.8,0.6,0.4,0.1,0.7,5
Markel Brown,BKN,53,14.2,1.7,4.3,38.7,0.6,1.8,33.3,1.1,1.4,79.2,0.3,1.3,1.6,1.2,0.7,0.5,0.1,1.4,5
James Johnson,TOR,55,16,2,4.1,48.7,0.4,1.1,32.3,0.6,1.1,54.8,0.5,1.7,2.2,1.2,0.9,0.5,0.6,1.5,5
Jakarr Sampson,DEN,66,15.4,1.8,4.2,43,0.2,0.8,20.8,1.2,1.8,65.5,0.6,2,2.6,0.6,1,0.3,0.4,1.9,5
Cole Aldrich,LAC,51,12.2,2,3.6,56,0,0,N/A,0.9,1.4,68.6,1.4,2.9,4.2,0.8,1,0.6,1.1,2.3,5
Alexis Ajinca,NO,52,13,2.1,4.5,45.9,0,0,0,0.8,1,82.4,1.1,2.9,4,0.5,0.6,0.3,0.5,2.2,4.9
Jerian Grant,NY,69,15.3,1.7,4.6,37.4,0.2,1.1,19.2,1.2,1.4,80.8,0.3,1.4,1.7,2.2,1.1,0.6,0.1,1.2,4.8
Cameron Payne,OKC,51,11.6,1.9,4.5,42.5,0.6,1.8,35.5,0.3,0.4,85,0.2,1.4,1.5,1.8,0.7,0.6,0.1,1.4,4.8
Andre Roberson,OKC,63,22.2,1.9,4,48.4,0.4,1.5,29.5,0.5,0.8,66,1.1,2.3,3.4,0.7,0.5,0.8,0.6,1.9,4.8
Briante Weber,MEM,6,27.7,2.2,6.3,34.2,0,0.8,0,0.5,0.7,75,1.3,2.7,4,3.3,1.5,1.5,0.5,1.8,4.8
Beno Udrih,MIA,44,16.1,2,4.5,43.4,0.3,1,34.1,0.4,0.5,90,0.2,1.5,1.6,2.6,1.2,0.3,0,1.2,4.7
Quincy Acy,SAC,51,14.2,1.8,3.2,58.4,0.3,0.6,40.6,0.8,1,75,1,1.9,3,0.4,0.4,0.5,0.4,1.8,4.7
Miles Plumlee,MIL,53,13.3,2.1,3.3,62.7,0,0,N/A,0.5,0.8,57.8,1.5,2,3.5,0.2,0.7,0.3,0.8,1.2,4.7
Willie Reed,BKN,36,10.8,1.9,3.3,57.5,0,0,N/A,0.8,1.4,55.8,1.2,1.8,2.9,0.3,0.4,0.2,0.8,1.2,4.6
Henry Sims,BKN,5,13.3,2,4.2,47.6,0,0,N/A,0.6,0.8,75,1.4,2.6,4,0.4,0.8,0.4,0.8,2.2,4.6
Ryan Kelly,LAL,28,12.8,1.5,4.2,36.4,0.2,1.2,14.7,1.2,1.8,69.4,0.6,3,3.6,0.6,0.5,0.3,0.3,1.2,4.5
Alonzo Gee,NO,73,22.4,1.8,3.5,51.8,0.2,0.8,28.3,0.6,0.9,66.7,0.8,2.5,3.4,1,0.8,0.9,0.2,2.3,4.5
Brandon Rush,GS,64,15.3,1.6,3.8,43,0.9,2.3,40.7,0.3,0.4,64.3,0.3,2.3,2.6,0.9,0.4,0.3,0.3,0.8,4.5
Nikola Pekovic,MIN,12,13,1.6,4.2,38,0,0,N/A,1.3,1.7,80,0.6,1.2,1.8,0.9,0.8,0.1,0,1.8,4.5
Kyle O'Quinn,NY,58,11.2,1.9,3.9,47.8,0.1,0.3,25,0.7,0.9,75.9,1.1,2.5,3.6,1.1,0.9,0.3,0.7,1.6,4.5
Metta World Peace,LAL,31,16.6,1.4,4.8,29.3,0.6,2.3,27.8,1,1.5,66,0.6,1.9,2.5,0.8,0.5,0.6,0.3,2,4.5
Jeff Withey,UTA,46,13.3,1.7,3.3,53.3,0,0,0,0.9,1.2,73.2,1.2,2.3,3.4,0.4,0.6,0.4,1.1,1.5,4.4
Jonas Jerebko,BOS,70,14.7,1.5,3.6,41.7,0.6,1.4,40.6,0.8,1,78.3,1,2.6,3.6,0.8,0.7,0.2,0.3,1.8,4.4
Tyus Jones,MIN,29,14.4,1.6,4.3,36,0.5,1.3,35.9,0.8,1,76.7,0.2,1.1,1.3,2.7,1,0.7,0.1,0.8,4.4
Spencer Dinwiddie,DET,9,12.3,1.6,3.9,40,0.1,0.8,14.3,1.2,2.1,57.9,0,1,1,1.4,0.6,0.2,0,1.8,4.4
C.J. Watson,ORL,26,20.5,1.3,4.3,31.3,0.5,1.7,27.9,1.2,1.3,85.7,0.3,1.8,2.2,2.8,0.8,0.6,0.2,1.5,4.3
Joakim Noah,CHI,29,21.9,1.8,4.6,38.3,0,0,0,0.8,1.6,48.9,3,5.8,8.8,3.8,1.8,0.6,1,2.7,4.3
Nemanja Bjelica,MIN,52,16.9,1.6,3.7,42.4,0.7,2,33.3,0.5,0.8,67.5,0.7,2.4,3.1,1.3,0.7,0.4,0.3,2.5,4.3
Kyle Anderson,SA,70,15.3,1.7,3.6,46.9,0.1,0.5,31.3,0.8,1,76.1,0.3,2.5,2.8,1.5,0.8,0.7,0.4,1.2,4.3
Chase Budinger,PHO,59,14.5,1.6,3.8,42.6,0.4,1.4,28.4,0.6,0.8,72,0.7,1.7,2.4,0.9,0.6,0.5,0.2,1,4.2
Marcelo Huertas,LAL,45,14.7,1.7,3.8,43.9,0.3,1.2,28.3,0.5,0.5,95.5,0.3,1.2,1.6,3.2,1.4,0.5,0.2,1.4,4.2
Steve Blake,DET,50,16.7,1.5,4,38.1,0.8,2.5,33.6,0.2,0.3,75,0.2,1.3,1.5,3.3,1.5,0.4,0.1,1.3,4.2
John Jenkins,PHO,35,10.6,1.7,3.6,46.4,0.4,1.1,37.8,0.4,0.5,77.8,0.2,1.2,1.4,0.6,0.7,0.1,0,0.5,4.1
Sasha Vujacic,NY,54,13.4,1.4,4.1,34.7,0.7,2.1,32.1,0.5,0.6,78.8,0.4,1.7,2.1,1.2,0.7,0.5,0.1,1.3,4
Darrun Hilliard,DET,35,9.8,1.4,3.3,41,0.5,1.3,37.8,0.8,1.1,71.1,0.1,0.9,1.1,0.7,0.5,0.2,0,0.7,4
Joe Ingles,UTA,73,14.8,1.5,3.5,42,0.9,2.5,37.4,0.1,0.2,76.9,0.2,1.7,1.9,1.2,0.8,0.6,0.1,1.2,4
Elton Brand,PHI,11,10.7,1.8,3.8,47.6,0,0,N/A,0.4,0.5,80,0.1,1.9,2,1,0.5,0.5,0.5,1.9,4
Brian Roberts,POR,46,9.4,1.4,3.3,42.9,0.3,0.8,34.2,0.9,1,89.1,0.1,0.7,0.8,1.1,0.4,0.2,0,0.6,4
Anthony Brown,LAL,29,20.6,1.3,4.3,31,0.7,2.4,28.6,0.6,0.7,85,0.3,2.1,2.4,0.7,0.5,0.5,0.2,1.2,4
Glenn Robinson III,IND,40,11.5,1.5,3.4,43.3,0.3,0.8,34.4,0.7,1,69.2,0.3,1.4,1.6,0.6,0.4,0.4,0.2,0.5,3.9
Joe Young,IND,36,9.4,1.6,4.1,38.4,0.3,1,24.3,0.6,0.7,80,0.2,1.1,1.3,1.5,0.8,0.4,0,0.8,3.9
Ian Clark,GS,59,9,1.5,3.3,44.6,0.5,1.4,36.3,0.5,0.6,82.4,0.2,0.9,1.1,1.1,0.7,0.3,0.2,0.9,3.9
Dewayne Dedmon,ORL,50,12.1,1.5,2.9,51.7,0,0,N/A,0.9,1.2,76.3,1.1,2.7,3.9,0.2,0.5,0.4,0.7,1.8,3.9
Chris Andersen,MEM,19,13.9,1.4,2.4,56.5,0.2,0.5,33.3,1.1,1.6,66.7,1.2,2.3,3.5,0.5,0.4,0.4,0.5,1,3.9
Omer Asik,NO,60,17.2,1.5,2.8,52.4,0,0,N/A,0.9,1.6,54.2,1.8,4.3,6.2,0.4,0.8,0.3,0.4,1.9,3.8
Kendall Marshall,PHI,24,13.1,1.5,3.9,37.2,0.5,1.5,29.7,0.4,0.5,69.2,0,0.7,0.8,2.6,1.7,0.5,0,1,3.8
Orlando Johnson,NO,7,14.5,1.3,4.9,26.5,0.3,1.4,20,0.9,1.1,75,0.6,1.6,2.1,0.3,0.6,0.4,0.4,1.3,3.7
Tyler Ennis,MIL,38,11,1.5,3.6,43,0.3,0.8,34.5,0.4,0.6,69.6,0.2,1.1,1.3,1.6,0.7,0.4,0,1.1,3.7
Kevin Seraphin,NY,43,10.5,1.7,4.1,39.9,0,0,0,0.4,0.5,81,0.7,1.7,2.4,1,0.9,0.2,0.7,1.3,3.7
Noah Vonleh,POR,71,15.6,1.5,3.7,41.7,0.1,0.6,23.8,0.5,0.6,73.3,1.2,2.8,4,0.4,0.6,0.3,0.3,2.1,3.7
Montrezl Harrell,HOU,38,9.8,1.5,2.2,65.9,0,0,0,0.6,1.2,52.2,0.7,1,1.7,0.4,0.4,0.3,0.3,1.2,3.6
Caron Butler,SAC,15,10,1.4,3.3,42,0.1,1.1,12.5,0.7,0.8,83.3,0.3,1,1.3,0.6,0.1,0.6,0,1.3,3.6
Salah Mejri,DAL,27,10.5,1.4,2.3,61.3,0,0,0,0.8,1.3,61.1,1.1,2.3,3.5,0.2,0.7,0.2,1,1.4,3.6
Ryan Hollins,MEM,34,13.3,1.4,2.3,61.5,0,0,N/A,0.8,1.2,61.9,1.4,1.4,2.8,0.3,0.7,0.2,0.6,1.8,3.6
Shabazz Napier,ORL,52,11.1,1.2,3.7,33.2,0.6,1.9,31.6,0.6,0.8,73.2,0.2,0.8,1,1.8,0.9,0.4,0,0.7,3.6
Jordan McRae,CLE,17,7.3,1.1,2.5,42.9,0.4,1,41.2,0.9,1.2,80,0.1,0.6,0.8,0.9,0.6,0.2,0.1,0.6,3.5
Jordan Adams,MEM,2,7.3,1,3,33.3,0,0.5,0,1.5,2.5,60,0,1,1,1.5,1,1.5,0,1,3.5
Andre Miller,SA,37,11,1.4,2.4,59.1,0.1,0.2,28.6,0.6,0.8,73.3,0.3,0.8,1.1,2.1,0.9,0.4,0,1.2,3.5
James Jones,CLE,42,9.5,1.1,2.8,39.8,0.8,2.1,39.1,0.4,0.5,77.3,0.2,0.9,1,0.3,0.2,0.2,0.2,1.1,3.5
Norman Powell,TOR,40,11.2,1.4,3.8,36,0.5,1.5,32.8,0.4,0.4,87.5,0.4,1.5,1.8,0.6,0.4,0.4,0.2,1.1,3.5
Josh McRoberts,MIA,38,14.2,1.3,3.4,39.1,0.2,1.1,22,0.7,0.9,69.4,0.5,2,2.5,1.9,0.7,0.4,0.2,1.7,3.5
Justin Holiday,CHI,44,13.1,1.4,3.9,35.1,0.5,1.8,30,0.3,0.4,64.7,0.2,1.3,1.5,0.8,0.7,0.5,0.3,1.1,3.5
Christian Wood,PHI,15,7.9,1.3,2.9,43.2,0.3,0.7,40,0.6,0.9,69.2,0.7,1.5,2.1,0.2,0.1,0.3,0.3,0.7,3.4
Ray McCallum,MEM,40,11.7,1.4,3.6,38.2,0.4,1,36.6,0.3,0.3,84.6,0.2,1,1.2,1.5,0.6,0.3,0.2,0.7,3.4
Kelly Oubre Jr.,WAS,57,10,1.3,3.1,41.1,0.4,1.2,34.3,0.5,0.8,65.1,0.4,1.6,2,0.2,0.5,0.4,0.1,1.5,3.4
Thomas Robinson,BKN,64,11.5,1.4,3.3,41.8,0,0,0,0.5,1.2,47.3,1.5,2.9,4.4,0.6,0.9,0.5,0.5,1.4,3.3
Phil Pressey,PHO,23,12.3,1.3,3.4,38.5,0.2,0.8,22.2,0.6,1.1,52,0.1,1.2,1.3,3.3,1.4,0.8,0.2,1.2,3.3
Tim Frazier,NO,42,10.8,1.2,2.9,42.1,0.2,0.6,26.9,0.7,1,70.5,0.4,1.2,1.6,1.8,1.1,0.4,0,1.1,3.3
Justin Anderson,DAL,47,9.2,1.1,2.9,39.3,0.4,1.4,26.2,0.6,0.7,79.4,0.2,1.5,1.7,0.4,0.4,0.3,0.3,0.6,3.2
Robert Sacre,LAL,21,12.7,1.2,2.8,42.4,0,0,N/A,0.8,1.3,60.7,1.1,1.4,2.5,0.6,0.5,0.1,0.5,1.7,3.2
Kirk Hinrich,ATL,42,14.4,1.1,3,37.8,0.5,1.5,37.7,0.4,0.4,93.8,0.2,1.4,1.6,1.7,0.7,0.4,0,1.5,3.2
Kyle Singler,OKC,60,14.2,1.2,3.2,37.6,0.4,1.5,28.4,0.4,0.6,64.7,0.7,1.3,2,0.4,0.5,0.4,0.1,1.7,3.2
Mike Muscala,ATL,55,9.5,1.3,2.5,50.4,0.2,0.6,28.6,0.5,0.6,80,0.6,1.4,2,0.5,0.5,0.2,0.4,1.2,3.2
Axel Toupane,DEN,14,14.8,1.1,3.2,33.3,0.6,2,32.1,0.4,0.5,85.7,0.5,0.8,1.3,0.7,0.2,0.4,0.3,2.1,3.2
Kevin Garnett,MIN,38,14.6,1.4,3,47,0,0,0,0.4,0.6,66.7,0.4,3.6,3.9,1.6,0.4,0.7,0.3,1.8,3.2
Solomon Hill,IND,50,12.7,1.2,2.8,42,0.2,0.9,25,0.6,0.6,90.3,0.7,1.7,2.4,0.9,0.4,0.5,0.2,1.1,3.1
Josh Huestis,OKC,1,4.8,1,1,100,1,1,100,0,2,0,0,0,0,0,1,0,0,1,3
Chris Kaman,POR,14,7.5,1.4,3,45.2,0.1,0.3,25,0.2,0.2,100,0.4,1.1,1.6,0.7,0.5,0.1,0.1,0.9,3
Tarik Black,LAL,32,11.5,1.3,2.4,52.6,0,0,N/A,0.4,1,39.4,1,2.8,3.8,0.4,0.6,0.3,0.4,1.9,3
Chris Johnson,UTA,65,12.4,1,2.8,36.4,0.4,1.4,27.2,0.5,0.6,81,0.4,1.5,2,0.7,0.6,0.5,0.3,1.5,3
Thanasis Antetokounmpo,NY,2,3.1,1.5,2,75,0,0.5,0,0,0,N/A,0,0.5,0.5,0,0,0,0,1,3
James Michael McAdoo,GS,38,6.4,1.1,2,54.5,0,0,100,0.7,1.2,55.6,0.8,0.7,1.5,0.4,0.4,0.2,0.1,0.9,2.9
Tayshaun Prince,MIN,70,19.4,1.3,2.9,45.1,0.1,0.3,19,0.2,0.3,68.4,0.4,1.5,2,0.9,0.3,0.5,0.2,0.9,2.9
Luc Richard Mbah a Moute,LAC,66,16.7,1.2,2.7,42.5,0.2,0.6,31.6,0.4,0.8,54,0.9,1.4,2.3,0.4,0.5,0.5,0.3,1.3,2.9
Chris McCullough,BKN,15,11.8,1.1,3.3,34.7,0.3,0.9,38.5,0.3,0.4,66.7,0.7,1.2,1.9,0.2,0.4,0.8,0.4,1.6,2.9
Xavier Munford,MEM,6,9.5,1,2.3,42.9,0.3,0.8,40,0.5,0.8,60,0.3,1.2,1.5,0.7,0.3,0.7,0.2,1.2,2.8
Alex Stepheson,MEM,8,9,1.1,3.4,33.3,0,0,N/A,0.5,1.5,33.3,2.4,1.1,3.5,0.3,0,0.1,0.6,1.5,2.8
Cory Jefferson,PHO,8,6.3,1.1,2.8,40.9,0,0.1,0,0.5,0.8,66.7,0.8,1.3,2,0,0,0,0.1,1,2.8
Jason Thompson,TOR,38,8.9,0.9,1.9,49.3,0,0.1,20,0.9,1.3,70.8,0.6,1.9,2.6,0.6,0.3,0.3,0.4,1.7,2.8
Greg Smith,MIN,13,11.5,1.2,2.2,53.6,0,0,N/A,0.5,1.2,40,0.7,1.8,2.5,0.4,0.3,0.2,0.1,2,2.8
Drew Gooden,WAS,28,10.6,1.1,3.5,31.6,0.3,1.4,17.9,0.3,0.4,66.7,1,2,3,0.5,0.5,0.3,0.4,1.3,2.8
Reggie Bullock,DET,32,10.2,1,2.3,41.3,0.5,1.3,40,0.4,0.4,92.3,0.4,1.2,1.6,0.5,0.2,0.3,0,0.7,2.8
Johnny O'Bryant,MIL,60,12.6,1.2,3.1,38.3,0,0,100,0.4,0.6,65.7,1,1.6,2.5,0.5,0.5,0.3,0.1,1.5,2.7
Anderson Varejao,GS,47,9.6,1.1,2.4,45.1,0,0,0,0.6,0.9,67.5,0.7,2,2.7,0.7,0.5,0.3,0.2,1.3,2.7
Rasual Butler,SA,46,9.4,1.1,2.3,47.1,0.3,1.1,30.6,0.2,0.3,68.8,0.1,1.2,1.2,0.5,0.2,0.3,0.5,0.2,2.7
Jared Cunningham,MIL,44,9.3,0.8,2.4,34.3,0.3,0.9,30.8,0.8,1.3,65.5,0.1,0.8,0.9,0.5,0.5,0.3,0,0.9,2.7
James Anderson,SAC,44,12,1,2.7,35.3,0.4,1.3,29.3,0.3,0.4,87.5,0.2,1.2,1.4,0.5,0.6,0.3,0.2,1,2.6
Matt Bonner,SA,25,6.1,1,1.8,53.3,0.5,1.1,48.1,0.1,0.2,75,0.1,0.8,0.9,0.3,0.1,0.2,0,0.4,2.6
Kostas Papanikolaou,DEN,26,11.3,0.9,2.5,36.4,0.4,1.2,31.3,0.3,0.5,64.3,0.3,1.2,1.5,0.6,0.8,0.5,0.2,0.9,2.6
Justin Harper,DET,5,7,0.8,2,40,0.8,1.8,44.4,0.2,0.4,50,0,0.2,0.2,0,0.4,0.2,0,0.6,2.6
Adreian Payne,MIN,46,9.5,1,2.8,37.8,0.2,0.6,32.1,0.3,0.4,70,0.4,1.7,2.1,0.5,0.7,0.3,0.2,1.5,2.6
Rashad Vaughn,MIL,62,12.1,0.9,3,29.6,0.5,1.6,30.4,0.2,0.2,91.7,0.1,1,1.1,0.5,0.4,0.3,0.1,0.9,2.5
Lorenzo Brown,PHO,8,7.6,1,3.1,32,0.1,1,12.5,0.4,0.5,75,0,0.9,0.9,1.4,1.1,0.4,0.1,0.5,2.5
R.J. Hunter,BOS,32,9.1,0.9,2.8,33.7,0.5,1.8,27.6,0.2,0.2,83.3,0.1,1,1,0.4,0.3,0.4,0.1,0.9,2.5
Sonny Weems,PHI,43,11.6,1,2.6,38.2,0.3,1,36.6,0.2,0.3,53.3,0.2,1.1,1.2,1.1,1,0.2,0,1.1,2.5
Jeremy Evans,DAL,30,8.4,0.9,1.6,54.2,0.1,0.5,25,0.5,0.7,71.4,0.4,1.4,1.8,0.1,0.2,0.2,0.3,0.6,2.4
Steve Novak,MIL,10,4.4,0.8,1.8,44.4,0.7,1.5,46.7,0.1,0.1,100,0,0.5,0.5,0,0.1,0,0,0.3,2.4
Damjan Rudez,MIN,28,9,0.8,2,38.6,0.5,1.6,32.6,0.3,0.3,100,0.2,0.5,0.6,0.4,0.5,0.1,0,1.1,2.4
Tyler Hansbrough,CHA,39,8.2,0.7,1.7,43.9,0.1,0.1,66.7,0.8,1.5,56.1,1,1.2,2.2,0.2,0.3,0.3,0.2,1.3,2.4
Lamar Patterson,ATL,35,11.3,0.8,2.3,35,0.3,1.4,24.5,0.5,0.6,72.7,0.1,1.3,1.4,1.1,0.7,0.3,0.1,1.3,2.4
Alan Williams,PHO,3,5.3,0.7,1.3,50,0,0,N/A,1,2,50,1.3,1,2.3,0,1,0.7,0,2,2.3
Walter Tavares,ATL,11,6.6,1,1.7,57.9,0,0,N/A,0.3,0.7,37.5,0.6,1.3,1.9,0.3,0.5,0.1,0.5,0.7,2.3
Sergey Karasev,BKN,37,9.4,0.7,1.8,41.5,0.3,0.9,30.3,0.5,0.5,89.5,0.2,1.1,1.3,0.7,0.5,0.2,0.1,0.5,2.2
Pablo Prigioni,LAC,51,12.6,0.8,2.1,39.6,0.5,1.5,33.8,0.1,0.1,80,0.6,1.1,1.7,1.9,0.7,0.9,0,1.3,2.2
DeJuan Blair,WAS,29,7.5,1,2.3,41.2,0,0,0,0.2,0.4,38.5,0.7,1.3,2,0.4,0.5,0.3,0.1,1.8,2.1
Nick Collison,OKC,54,11.8,0.8,1.9,44.6,0,0,0,0.4,0.6,71,1.2,1.7,2.9,0.8,0.8,0.2,0.3,1.9,2.1
Chris Copeland,MIL,24,6.5,0.7,2.1,33.3,0.4,1.5,27.8,0.3,0.3,85.7,0,0.4,0.4,0.5,0.3,0.1,0,0.7,2.1
Lucas Nogueira,TOR,25,6.6,0.9,1.4,64.7,0,0.1,50,0.3,0.5,61.5,0.6,0.8,1.4,0.1,0.3,0.4,0.3,0.8,2.1
Kendrick Perkins,NO,28,13.9,0.9,1.6,57.8,0,0,N/A,0.2,0.6,35.3,0.7,2.7,3.4,0.7,0.9,0.4,0.3,1.8,2.1
Tibor Pleiss,UTA,12,6.8,0.9,2.1,44,0,0.2,0,0.2,0.2,100,0.5,0.8,1.3,0.2,0.7,0.1,0.2,1.6,2
Delon Wright,TOR,23,5.3,0.7,1.8,36.6,0.2,0.3,50,0.5,0.8,63.2,0.2,0.8,1,0.6,0.3,0.2,0,0.2,2
K.J. McDaniels,HOU,30,5.5,0.6,1.8,35.8,0.1,0.6,22.2,0.6,0.8,82.6,0.3,0.6,0.9,0.2,0.4,0.1,0.2,0.9,2
Chuck Hayes,HOU,2,11.9,0.5,1,50,0,0,N/A,1,1,100,0,4,4,1,1.5,0,0,3,2
Jarell Eddie,WAS,22,4.5,0.6,2,32.6,0.5,1.5,35.3,0.2,0.2,100,0,0.6,0.6,0.1,0,0.1,0,0.2,2
Coty Clarke,BOS,3,1.9,0.7,1.3,50,0.7,0.7,100,0,0,N/A,0,0.3,0.3,0,0.3,0,0,0,2
Cameron Bairstow,CHI,18,5.7,0.7,2.2,32.5,0.1,0.3,20,0.4,0.4,87.5,0.2,1.3,1.6,0.3,0.2,0.1,0.2,1.1,1.9
Louis Amundson,NY,26,7.3,0.7,1.9,38.8,0,0,N/A,0.5,1,48,0.8,1,1.8,0.5,0.4,0.2,0.3,1.6,1.9
Luis Montero,POR,8,3.5,0.6,1.9,33.3,0.1,0.8,16.7,0.4,0.5,75,0,0.4,0.4,0.1,0.3,0,0,0.1,1.8
Elijah Millsap,UTA,20,8.6,0.6,2,28.2,0.1,0.6,8.3,0.7,0.9,72.2,0.3,1.5,1.8,1,0.5,0.4,0.2,1.7,1.8
Kevon Looney,GS,5,4.1,0.8,1.4,57.1,0.2,0.4,50,0,0,N/A,0.8,1.2,2,0,0.2,0,0,0.4,1.8
Terry Rozier,BOS,33,7.3,0.7,2.6,26.7,0.2,0.7,27.3,0.2,0.2,83.3,0.6,0.8,1.4,1,0.5,0.1,0,0.6,1.7
Cristiano Felicio,CHI,22,7.4,0.7,1.4,48.4,0,0.1,0,0.3,0.5,58.3,0.5,1.8,2.4,0.7,0.2,0.2,0.2,0.6,1.7
Jorge Gutierrez,CHA,7,3.9,0.4,0.6,75,0,0,N/A,0.9,1,85.7,0,0.3,0.3,1.1,0.4,0.4,0,0.3,1.7
C.J. Wilcox,LAC,15,4.4,0.6,1.9,31,0.2,0.7,30,0.2,0.3,60,0,0.2,0.2,0.4,0.1,0.3,0.1,0.4,1.6
Elliot Williams,MEM,5,9.1,0.4,2,20,0.2,0.8,25,0.6,0.8,75,0.2,0.6,0.8,0.8,0.2,0,0,0.4,1.6
Damien Inglis,MIL,16,6.6,0.6,1.6,34.6,0.1,0.6,10,0.4,0.5,87.5,0.1,1.4,1.6,0.4,0.4,0.2,0.2,0.4,1.6
Devyn Marble,ORL,22,7.7,0.6,2.1,27.7,0.3,1,28.6,0.2,0.4,50,0.2,1,1.2,0.3,0.2,0.4,0,0.8,1.6
Anthony Bennett,TOR,19,4.4,0.4,1.4,29.6,0.2,0.7,21.4,0.5,0.5,90,0.3,0.9,1.2,0,0.2,0.3,0,0.4,1.5
Nazr Mohammed,OKC,4,3.5,0.5,0.8,66.7,0,0,N/A,0.5,0.5,100,0,0.5,0.5,0,0.5,0,0,0.8,1.5
Jimmer Fredette,NY,6,2.9,0.3,0.8,40,0.2,0.3,50,0.7,0.8,80,0,0,0,0.2,0.3,0.2,0,0.3,1.5
Udonis Haslem,MIA,31,7.3,0.6,1.6,36.7,0,0.3,12.5,0.3,0.4,90.9,0.3,1.7,2,0.5,0.2,0.2,0.1,0.6,1.5
Russ Smith,MEM,15,4.4,0.5,1.5,31.8,0.1,0.3,20,0.5,0.9,61.5,0.1,0.5,0.6,0.7,0.5,0.3,0.1,0.3,1.5
Erick Green,UTA,9,4.7,0.6,1.4,38.5,0.1,0.6,20,0.2,0.2,100,0.3,0.3,0.7,0.3,0,0.1,0,0.4,1.4
Jordan Mickey,BOS,15,3.6,0.5,1.3,40,0,0,N/A,0.3,0.7,50,0.4,0.5,0.9,0.1,0.1,0,0.7,0.3,1.4
Jeff Ayres,LAC,9,2.8,0.6,0.6,100,0,0,N/A,0.2,0.2,100,0.2,0.4,0.7,0.2,0.2,0,0.3,0.6,1.3
Cliff Alexander,POR,8,4.5,0.6,1.3,50,0,0,N/A,0,0,N/A,0.3,0.5,0.8,0,0.1,0.1,0.3,0.1,1.3
Bryce Cotton,PHO,3,10.9,0.7,2.7,25,0,1,0,0,0,N/A,0,0,0,1,1.7,1,0,0.7,1.3
Mitch McGary,OKC,20,3.6,0.6,1.2,47.8,0,0.2,0,0.2,0.5,40,0.2,0.7,0.9,0.2,0.4,0.1,0.1,0.5,1.3
Mike Miller,DEN,44,7.8,0.4,1.2,35.8,0.4,1,37.8,0,0,N/A,0.1,0.9,1.1,0.8,0.4,0.3,0.1,1.1,1.3
James Ennis,MEM,13,3.6,0.3,1,30.8,0.2,0.6,25,0.5,0.8,60,0.3,0.2,0.5,0.2,0.2,0.3,0.2,0.2,1.2
Keith Appling,ORL,5,5.4,0.4,1.6,25,0,0.6,0,0.4,0.4,100,0,0.2,0.2,0.2,0.6,0.2,0,1,1.2
James Young,BOS,27,7.3,0.4,1.3,30.6,0.2,1,23.1,0,0.1,25,0.1,0.8,1,0.3,0.2,0.2,0,0.6,1.1
Pat Connaughton,POR,30,3.6,0.4,1.4,28.6,0.1,0.6,23.5,0.2,0.2,100,0.3,0.5,0.8,0.3,0.3,0.1,0,0.1,1.1
Jarnell Stokes,MIA,7,2.7,0.4,0.7,60,0,0,N/A,0.1,0.3,50,0.1,0.4,0.6,0.1,0,0.1,0,0.1,1
Jodie Meeks,DET,2,8.5,0.5,2.5,20,0,0,N/A,0,0,N/A,0.5,0.5,1,0,0.5,0,0,1,1
Sasha Kaun,CLE,22,3,0.3,0.5,70,0,0,N/A,0.2,0.5,45.5,0.5,0.4,0.8,0.1,0.3,0.1,0.1,0.5,0.9
Eric Moreland,SAC,5,4.9,0.4,0.6,66.7,0,0,N/A,0,0.4,0,0.2,1,1.2,0,0,0,0.8,0.4,0.8
Shayne Whittington,IND,5,2.6,0.4,0.8,50,0,0.2,0,0,0,N/A,0.2,0.4,0.6,0.4,0.4,0.2,0.2,0.8,0.8
Aaron Harrison,CHA,18,4.1,0.2,0.8,20,0.1,0.4,25,0.2,0.6,40,0.2,0.3,0.6,0.1,0.2,0.2,0,0.4,0.7
Branden Dawson,LAC,3,4.7,0.3,1,33.3,0,0,N/A,0,0,N/A,0.7,0.3,1,0,0,0,0.3,0.7,0.7
Joe Harris,CLE,5,3,0.2,0.8,25,0.2,0.8,25,0,0,N/A,0,0.6,0.6,0.4,0.2,0,0,0.2,0.6
Joel Anthony,DET,17,3.9,0.2,0.4,42.9,0,0,N/A,0.3,0.4,83.3,0.4,0.5,0.9,0.1,0.1,0.1,0.2,0.8,0.6
Cleanthony Early,NY,11,3.1,0.3,0.5,50,0.1,0.4,25,0,0,N/A,0,0.2,0.2,0.1,0.1,0.1,0.1,0.3,0.6
Sam Dekker,HOU,3,2.1,0,0,N/A,0,0,N/A,0,0,N/A,0,0.3,0.3,0,0,0.3,0,0,0
Nate Robinson,NO,2,11.7,0,0.5,0,0,0.5,0,0,0,N/A,0,0,0,2,0,0.5,0,2.5,0
JJ O'Brien,UTA,2,3.1,0,0.5,0,0,0,N/A,0,0,N/A,0,0.5,0.5,0,0,0.5,0,0.5,0
Bruno Caboclo,TOR,5,1.5,0,0.6,0,0,0,N/A,0,0,N/A,0,0.2,0.2,0,0.2,0.2,0,0,0
